set,image,method,condition,lam,fold,IoU,Dice,Precision,Recall,Accuracy
Vertical,001.jpg,SVM,noBC,,0,0.009158803823339582,0.018151362874980967,0.009159085320875338,0.9966555183946488,0.016143798828125
Vertical,017.jpg,SVM,noBC,,0,0.01884718077587561,0.03699707106520734,0.019509022923101936,0.35714285714285715,0.9046783447265625
Vertical,086.jpg,SVM,noBC,,0,0.05641802347595608,0.10681003584229391,0.05796537638591714,0.6788154897494305,0.9239501953125
Vertical,089.jpg,SVM,noBC,,0,0.18988326848249026,0.31916285153695223,0.21612046058458814,0.61,0.9841156005859375
Vertical,090.jpg,SVM,noBC,,0,0.35526315789473684,0.5242718446601942,0.4685466377440347,0.5950413223140496,0.9940185546875
Vertical,001.jpg,LightGBM,noBC,,0,0.009227238186808926,0.018285749408402226,0.009227667493796526,0.9949832775919732,0.025146484375
Vertical,017.jpg,LightGBM,noBC,,0,0.01214611056533,0.0240007059031148,0.012367009184322998,0.40476190476190477,0.8312225341796875
Vertical,086.jpg,LightGBM,noBC,,0,0.03324753324753325,0.06435540793024704,0.03371397498640565,0.7061503416856492,0.862457275390625
Vertical,089.jpg,LightGBM,noBC,,0,0.05415860735009671,0.10275229357798166,0.055937846836847945,0.63,0.9328460693359375
Vertical,090.jpg,LightGBM,noBC,,0,0.08339350180505416,0.15394868377207596,0.08756633813495072,0.6363636363636364,0.9612579345703125
Vertical,001.jpg,KNN,noBC,,0,0.009261853616014445,0.0183537177845983,0.009262286150158004,0.9949832775919732,0.0288238525390625
Vertical,017.jpg,KNN,noBC,,0,0.011233230968159043,0.022216894429793015,0.01141496263447483,0.41369047619047616,0.8133087158203125
Vertical,086.jpg,KNN,noBC,,0,0.028409601726153016,0.055249584753912055,0.028727272727272726,0.7198177676537585,0.8350982666015625
Vertical,089.jpg,KNN,noBC,,0,0.04337552742616034,0.08314461339372371,0.04444828778969215,0.6425,0.91351318359375
Vertical,090.jpg,KNN,noBC,,0,0.07195160776822668,0.13424413424413426,0.07523302263648468,0.6225895316804407,0.9555206298828125
Vertical,001.jpg,LDA,noBC,,0,0.009158381609478003,0.018150533704871102,0.009158663081060316,0.9966555183946488,0.0160980224609375
Vertical,017.jpg,LDA,noBC,,0,0.01897741530740276,0.037247960597198704,0.019639668884921278,0.3601190476190476,0.9045562744140625
Vertical,086.jpg,LDA,noBC,,0,0.05520563171545017,0.10463483146067416,0.05668632299790755,0.6788154897494305,0.92218017578125
Vertical,089.jpg,LDA,noBC,,0,0.18683001531393567,0.31483870967741934,0.21217391304347827,0.61,0.983795166015625
Vertical,090.jpg,LDA,noBC,,0,0.35294117647058826,0.5217391304347826,0.4645161290322581,0.5950413223140496,0.99395751953125
Vertical,001.jpg,QDA,noBC,,0,0.009301888565254157,0.01843232172779743,0.009302471262567733,0.9933110367892977,0.03466796875
Vertical,017.jpg,QDA,noBC,,0,0.02821220484513953,0.05487623024157471,0.030493868080875043,0.27380952380952384,0.9516448974609375
Vertical,086.jpg,QDA,noBC,,0,0.1249442213297635,0.22213407378024594,0.1344860710854947,0.6378132118451025,0.9700775146484375
Vertical,089.jpg,QDA,noBC,,0,0.28983688833124216,0.4494163424124514,0.3678343949044586,0.5775,0.991363525390625
Vertical,090.jpg,QDA,noBC,,0,0.3857965451055662,0.556786703601108,0.5598885793871866,0.5537190082644629,0.9951171875
Vertical,001.jpg,SVM,BC,1.4131156358208774,0,0.08286674132138858,0.15305067218200621,0.09051987767584098,0.49498327759197325,0.95001220703125
Vertical,017.jpg,SVM,BC,0.7844017986781592,0,0.06647807637906648,0.1246684350132626,0.11244019138755981,0.13988095238095238,0.98992919921875
Vertical,086.jpg,SVM,BC,2.364642021995318,0,0.04007262352483465,0.0770573566084788,0.0407597942223981,0.7038724373576309,0.887054443359375
Vertical,089.jpg,SVM,BC,2.2094569432435516,0,0.025164769322947873,0.049094097019286964,0.025395180098471106,0.735,0.8262176513671875
Vertical,090.jpg,SVM,BC,1.9734234767889354,0,0.14699074074074073,0.25630676084762866,0.15688696726374304,0.699724517906336,0.977508544921875
Vertical,001.jpg,LightGBM,BC,1.4131156358208774,0,0.049925360756344336,0.09510268562401264,0.05251221214235869,0.5033444816053512,0.91259765625
Vertical,017.jpg,LightGBM,BC,0.7844017986781592,0,0.014204545454545454,0.028011204481792718,0.015316067947646894,0.1636904761904762,0.9417572021484375
Vertical,086.jpg,LightGBM,BC,2.364642021995318,0,0.03320713899405084,0.06427973199329984,0.03368813782508504,0.6993166287015945,0.863616943359375
Vertical,089.jpg,LightGBM,BC,2.2094569432435516,0,0.022036474164133738,0.04312267657992565,0.022222222222222223,0.725,0.803619384765625
Vertical,090.jpg,LightGBM,BC,1.9734234767889354,0,0.05817429294090595,0.1099521946979574,0.05968388770936542,0.696969696969697,0.9375
Vertical,001.jpg,KNN,BC,1.4131156358208774,0,0.04047029702970297,0.07779231592720352,0.041874759892431807,0.5468227424749164,0.8816986083984375
Vertical,017.jpg,KNN,BC,0.7844017986781592,0,0.029047619047619048,0.05645534474780194,0.033424657534246574,0.18154761904761904,0.9688873291015625
Vertical,086.jpg,KNN,BC,2.364642021995318,0,0.030597517559896086,0.05937820931752404,0.030957943925233645,0.724373576309795,0.8462677001953125
Vertical,089.jpg,KNN,BC,2.2094569432435516,0,0.019699024736808114,0.03863693944768178,0.01982063945931895,0.7625,0.768402099609375
Vertical,090.jpg,KNN,BC,1.9734234767889354,0,0.04882186616399623,0.09309849029475198,0.04979811574697174,0.7134986225895317,0.923004150390625
Vertical,001.jpg,LDA,BC,1.4131156358208774,0,0.06459838504037399,0.12135728542914172,0.06890299184043518,0.5083612040133779,0.932830810546875
Vertical,017.jpg,LDA,BC,0.7844017986781592,0,0.06179775280898876,0.1164021164021164,0.090311986863711,0.1636904761904762,0.9872589111328125
Vertical,086.jpg,LDA,BC,2.364642021995318,0,0.032691909786881856,0.06331396513724705,0.03311327674735408,0.7198177676537585,0.857330322265625
Vertical,089.jpg,LDA,BC,2.2094569432435516,0,0.022262509064539523,0.04355536639001206,0.022413667226399942,0.7675,0.7942657470703125
Vertical,090.jpg,LDA,BC,1.9734234767889354,0,0.12493946731234867,0.22212656048213517,0.13163265306122449,0.7107438016528925,0.9724273681640625
Vertical,001.jpg,QDA,BC,1.4131156358208774,0,0.08644859813084112,0.15913978494623657,0.09481101857783472,0.49498327759197325,0.9522705078125
Vertical,017.jpg,QDA,BC,0.7844017986781592,0,0.06580829756795423,0.12348993288590604,0.11246943765281174,0.13690476190476192,0.9900360107421875
Vertical,086.jpg,QDA,BC,2.364642021995318,0,0.04189906135219698,0.08042825434129781,0.04265927977839335,0.7015945330296127,0.8925323486328125
Vertical,089.jpg,QDA,BC,2.2094569432435516,0,0.026143203665438864,0.05095429872176502,0.026401741970604246,0.7275,0.8345947265625
Vertical,090.jpg,QDA,BC,1.9734234767889354,0,0.1495271867612293,0.2601542416452442,0.15992414664981036,0.696969696969697,0.9780426025390625
Vertical,018.jpg,SVM,noBC,,1,0.011467318143291619,0.022674619214275153,0.011518429487179488,0.7210031347962382,0.6974639892578125
Vertical,019.jpg,SVM,noBC,,1,0.021974668090950708,0.04300433029714798,0.022002648466945097,0.9452954048140044,0.7066192626953125
Vertical,021.jpg,SVM,noBC,,1,0.03711979241747153,0.07158245882271179,0.03734048723897912,0.8626465661641541,0.7961578369140625
Vertical,087.jpg,SVM,noBC,,1,0.10912052117263844,0.19676945668135096,0.1145788798631894,0.6961038961038961,0.96661376953125
Vertical,091.jpg,SVM,noBC,,1,0.06785009861932939,0.12707794606575545,0.06932688432083838,0.7610619469026548,0.927886962890625
Vertical,018.jpg,LightGBM,noBC,,1,0.009479758197472064,0.018781472576328086,0.009528631927821765,0.6489028213166145,0.6699676513671875
Vertical,019.jpg,LightGBM,noBC,,1,0.01819019111213447,0.03573043871551334,0.018242275897104327,0.8643326039387309,0.6746826171875
Vertical,021.jpg,LightGBM,noBC,,1,0.02841082666340808,0.05525190114068441,0.028641823221435173,0.7788944723618091,0.757354736328125
Vertical,087.jpg,LightGBM,noBC,,1,0.032415983064302725,0.06279636037421504,0.03302777028848746,0.6363636363636364,0.8884124755859375
Vertical,091.jpg,LightGBM,noBC,,1,0.034037940379403796,0.06583499318586854,0.034554858589193355,0.6946902654867256,0.8640289306640625
Vertical,018.jpg,KNN,noBC,,1,0.008167796677372031,0.01620324851535769,0.008204556316711804,0.64576802507837,0.6183013916015625
Vertical,019.jpg,KNN,noBC,,1,0.015666416109506667,0.030849530635297783,0.01570431472081218,0.8665207877461707,0.6203460693359375
Vertical,021.jpg,KNN,noBC,,1,0.022336193260796625,0.04369637582633973,0.02247732973181555,0.7805695142378559,0.6887664794921875
Vertical,087.jpg,KNN,noBC,,1,0.02553234433343425,0.04979334776618776,0.025877058402372918,0.6571428571428571,0.8526611328125
Vertical,091.jpg,KNN,noBC,,1,0.028239484396200814,0.05492783505154639,0.028527370855821126,0.7367256637168141,0.8251495361328125
Vertical,018.jpg,LDA,noBC,,1,0.025268210050818748,0.04929092661434669,0.025777649769585253,0.5611285266457681,0.8946380615234375
Vertical,019.jpg,LDA,noBC,,1,0.06127488810001543,0.1154741128563118,0.061847639819286496,0.8687089715536105,0.907196044921875
Vertical,021.jpg,LDA,noBC,,1,0.1161155948971622,0.20807091205971542,0.12086720867208672,0.7470686767169179,0.9481964111328125
Vertical,087.jpg,LDA,noBC,,1,0.2555309734513274,0.40704845814977975,0.308,0.6,0.9897308349609375
Vertical,091.jpg,LDA,noBC,,1,0.14306712395884372,0.2503214744963566,0.15523657628920787,0.6460176991150443,0.9733123779296875
Vertical,018.jpg,QDA,noBC,,1,0.06441297396071266,0.12103004291845494,0.07011437095972153,0.44200626959247646,0.96875
Vertical,019.jpg,QDA,noBC,,1,0.1880252100840336,0.3165340406719717,0.19833795013850417,0.7833698030634574,0.976409912109375
Vertical,021.jpg,QDA,noBC,,1,0.314785373608903,0.4788391777509069,0.37464522232734154,0.6633165829145728,0.986846923828125
Vertical,087.jpg,QDA,noBC,,1,0.3161189358372457,0.4803804994054697,0.44298245614035087,0.5246753246753246,0.9933319091796875
Vertical,091.jpg,QDA,noBC,,1,0.23004291845493563,0.3740404745289602,0.273190621814475,0.5929203539823009,0.9863128662109375
Vertical,018.jpg,SVM,BC,1.057373064941097,1,0.06296785557023338,0.11847555923777962,0.06825775656324583,0.4482758620689655,0.967529296875
Vertical,019.jpg,SVM,BC,1.5941022981400503,1,0.06161506145946787,0.11607797156675949,0.06220546654099906,0.8665207877461707,0.9079742431640625
Vertical,021.jpg,SVM,BC,2.945328260543171,1,0.01863477169100641,0.03658773921505028,0.018655111963748222,0.9447236180904522,0.546783447265625
Vertical,087.jpg,SVM,BC,1.905632008501226,1,0.10850202429149798,0.19576333089846604,0.11389715257118573,0.6961038961038961,0.966400146484375
Vertical,091.jpg,SVM,BC,2.0971587002133107,1,0.10339150477444847,0.18740674425544612,0.1083132114522249,0.6946902654867256,0.9584503173828125
Vertical,018.jpg,LightGBM,BC,1.057373064941097,1,0.0130956711531466,0.02585278276481149,0.013229457592238718,0.5642633228840125,0.7930145263671875
Vertical,019.jpg,LightGBM,BC,1.5941022981400503,1,0.022977789964354265,0.04492334083842608,0.023025773479144914,0.9168490153172867,0.7281494140625
Vertical,021.jpg,LightGBM,BC,2.945328260543171,1,0.014609074336641685,0.028797444663489134,0.014616475833417773,0.966499162479062,0.4061431884765625
Vertical,087.jpg,LightGBM,BC,1.905632008501226,1,0.022337030846375932,0.043697978596908445,0.022492540739040626,0.7636363636363637,0.80364990234375
Vertical,091.jpg,LightGBM,BC,2.0971587002133107,1,0.029576405714763138,0.0574535421569423,0.02982057113975234,0.7831858407079646,0.8227691650390625
Vertical,018.jpg,KNN,BC,1.057373064941097,1,0.010381430071153622,0.020549526668205958,0.010467509556012937,0.5579937304075235,0.7410888671875
Vertical,019.jpg,KNN,BC,1.5941022981400503,1,0.020342346812205408,0.03987357160223681,0.02038989456932564,0.8971553610503282,0.6987152099609375
Vertical,021.jpg,KNN,BC,2.945328260543171,1,0.014948386253756697,0.0294564461724644,0.0149581589958159,0.9581239530988275,0.4248504638671875
Vertical,087.jpg,KNN,BC,1.905632008501226,1,0.019352290679304898,0.03796977915536614,0.019468909343752068,0.7636363636363637,0.772674560546875
Vertical,091.jpg,KNN,BC,2.0971587002133107,1,0.023188973806257757,0.04532686414708886,0.023336839337365238,0.7853982300884956,0.771820068359375
Vertical,018.jpg,LDA,BC,1.057373064941097,1,0.020452331998701438,0.04008483563096501,0.02074415541652947,0.5924764890282131,0.86187744140625
Vertical,019.jpg,LDA,BC,1.5941022981400503,1,0.022457891453524642,0.04392922513727883,0.022487116756025195,0.9452954048140044,0.71307373046875
Vertical,021.jpg,LDA,BC,2.945328260543171,1,0.013613053613053613,0.02686045442001656,0.013617180031244899,0.9782244556113903,0.35430908203125
Vertical,087.jpg,LDA,BC,1.905632008501226,1,0.032832320648118536,0.06357725255444319,0.03310404127257094,0.8,0.8615570068359375
Vertical,091.jpg,LDA,BC,2.0971587002133107,1,0.047542948461845785,0.09077040427154844,0.04815214459131373,0.7898230088495575,0.890869140625
Vertical,018.jpg,QDA,BC,1.057373064941097,1,0.03305621536025336,0.06399693427859743,0.034081632653061224,0.5235109717868338,0.9254608154296875
Vertical,019.jpg,QDA,BC,1.5941022981400503,1,0.03153286837809764,0.061137883909947496,0.03160791313401755,0.9299781181619255,0.8008270263671875
Vertical,021.jpg,QDA,BC,2.945328260543171,1,0.015346295998714446,0.030228693519031416,0.01535616658626789,0.9597989949748744,0.4390106201171875
Vertical,087.jpg,QDA,BC,1.905632008501226,1,0.05525606469002695,0.10472541507024266,0.05631868131868132,0.7454545454545455,0.9251251220703125
Vertical,091.jpg,QDA,BC,2.0971587002133107,1,0.06780997437413759,0.12700756876499908,0.06928499496475328,0.7610619469026548,0.9278411865234375
Horizontal,023.jpg,SVM,noBC,,0,0.10643174330325168,0.1923873640600725,0.10986248706195476,0.7731529656607701,0.904815673828125
Horizontal,024.jpg,SVM,noBC,,0,0.12395679921453118,0.22057217733129506,0.13463076512929886,0.6099033816425121,0.9455413818359375
Horizontal,028.jpg,SVM,noBC,,0,0.02500296243630762,0.04878612716763006,0.025384985563041387,0.6242603550295858,0.87445068359375
Horizontal,030.jpg,SVM,noBC,,0,0.07586763518966909,0.14103525881470366,0.08768656716417911,0.36015325670498083,0.9825286865234375
Horizontal,031.jpg,SVM,noBC,,0,0.17331288343558282,0.2954248366013072,0.23640167364016737,0.39372822299651566,0.9917755126953125
Horizontal,023.jpg,LightGBM,noBC,,0,0.05532831001076426,0.10485516115871073,0.056093124772644595,0.8022892819979188,0.79913330078125
Horizontal,024.jpg,LightGBM,noBC,,0,0.05473748349751193,0.10379356826497207,0.05639255074283323,0.6509661835748792,0.85797119140625
Horizontal,028.jpg,LightGBM,noBC,,0,0.013870628451222718,0.027361732477468717,0.013987404706662248,0.6242603550295858,0.7711029052734375
Horizontal,030.jpg,LightGBM,noBC,,0,0.03292540792540793,0.06375176304654442,0.03440925700365408,0.4329501915708812,0.9493560791015625
Horizontal,031.jpg,LightGBM,noBC,,0,0.033577037638776064,0.06497249148545979,0.03512747875354107,0.43205574912891986,0.9455413818359375
Horizontal,023.jpg,KNN,noBC,,0,0.05809409289042537,0.10980893529369984,0.058926665650251564,0.8043704474505723,0.8087615966796875
Horizontal,024.jpg,KNN,noBC,,0,0.05338299193047796,0.10135533294048321,0.055163566388710714,0.6231884057971014,0.860382080078125
Horizontal,028.jpg,KNN,noBC,,0,0.014378910930635069,0.02835017718860743,0.014496644295302013,0.6390532544378699,0.774078369140625
Horizontal,030.jpg,KNN,noBC,,0,0.031509596104268116,0.06109414051652319,0.03293413173652695,0.421455938697318,0.9484100341796875
Horizontal,031.jpg,KNN,noBC,,0,0.026419804451841066,0.05147952979327118,0.02732945986658059,0.4425087108013937,0.9285888671875
Horizontal,023.jpg,LDA,noBC,,0,0.07958948581003246,0.14744398098748665,0.08130081300813008,0.7908428720083247,0.8658905029296875
Horizontal,024.jpg,LDA,noBC,,0,0.0889267461669506,0.16332916145181478,0.09381739755571532,0.6304347826086957,0.91839599609375
Horizontal,028.jpg,LDA,noBC,,0,0.019124967251768404,0.037532133676092545,0.019325803035651252,0.6479289940828402,0.82861328125
Horizontal,030.jpg,LDA,noBC,,0,0.06398996235884567,0.12028301886792453,0.0710801393728223,0.39080459770114945,0.97723388671875
Horizontal,031.jpg,LDA,noBC,,0,0.14681107099879662,0.25603357817418676,0.1831831831831832,0.4250871080139373,0.9891815185546875
Horizontal,023.jpg,QDA,noBC,,0,0.1711281070745698,0.2922448979591837,0.18177202335618178,0.745057232049948,0.94708251953125
Horizontal,024.jpg,QDA,noBC,,0,0.1954582319545823,0.32700135685210313,0.22735849056603774,0.5821256038647343,0.9697265625
Horizontal,028.jpg,QDA,noBC,,0,0.040648737425579964,0.07812191753797593,0.04185161699429296,0.5857988165680473,0.9286956787109375
Horizontal,030.jpg,QDA,noBC,,0,0.1051980198019802,0.19036954087346025,0.13449367088607594,0.32567049808429116,0.9889678955078125
Horizontal,031.jpg,QDA,noBC,,0,0.1968503937007874,0.32894736842105265,0.3115264797507788,0.34843205574912894,0.9937744140625
Horizontal,023.jpg,SVM,BC,1.9234880090090036,0,0.021513708151963355,0.042121232403007386,0.02152204641831198,0.9823100936524454,0.3448638916015625
Horizontal,024.jpg,SVM,BC,2.2910108026470906,0,0.014596212778771721,0.028772456657995354,0.014597247072578787,0.9951690821256038,0.1511688232421875
Horizontal,028.jpg,SVM,BC,0.3719778795901283,0,0.04843304843304843,0.09239130434782608,0.5666666666666667,0.05029585798816568,0.994903564453125
Horizontal,030.jpg,SVM,BC,2.4200951184383714,0,0.004228980669831651,0.008422343412178516,0.004228980669831651,1.0,0.062255859375
Horizontal,031.jpg,SVM,BC,0.955952953394874,0,0.020714598860149057,0.04058842478256201,0.02093950808774651,0.6585365853658537,0.8636627197265625
Horizontal,023.jpg,LightGBM,BC,1.9234880090090036,0,0.022348816827344433,0.04372053150450064,0.022372236979991713,0.9552549427679501,0.387237548828125
Horizontal,024.jpg,LightGBM,BC,2.2910108026470906,0,0.01531267368098277,0.030163464079429197,0.015321188878235859,0.964975845410628,0.21600341796875
Horizontal,028.jpg,LightGBM,BC,0.3719778795901283,0,0.072992700729927,0.1360544217687075,0.2912621359223301,0.08875739644970414,0.9941864013671875
Horizontal,030.jpg,LightGBM,BC,2.4200951184383714,0,0.004464285714285714,0.008888888888888889,0.004464439618023236,0.9923371647509579,0.1186981201171875
Horizontal,031.jpg,LightGBM,BC,0.955952953394874,0,0.013366637413083103,0.026380654186929586,0.013447432762836185,0.6898954703832753,0.7769927978515625
Horizontal,023.jpg,KNN,BC,1.9234880090090036,0,0.023080872913992297,0.045120329242891916,0.023117671261057397,0.9354838709677419,0.4193878173828125
Horizontal,024.jpg,KNN,BC,2.2910108026470906,0,0.01590955806783145,0.031320815797992875,0.01592723680961396,0.9347826086956522,0.26947021484375
Horizontal,028.jpg,KNN,BC,0.3719778795901283,0,0.06418918918918919,0.12063492063492064,0.13013698630136986,0.11242603550295859,0.991546630859375
Horizontal,030.jpg,KNN,BC,2.4200951184383714,0,0.004830279816600313,0.009614120739836635,0.004830735554968487,0.9808429118773946,0.1952056884765625
Horizontal,031.jpg,KNN,BC,0.955952953394874,0,0.010756927235863934,0.021284894411322225,0.010815402038505097,0.6655052264808362,0.7319793701171875
Horizontal,023.jpg,LDA,BC,1.9234880090090036,0,0.02336296481782897,0.045659195458549476,0.02337935700503671,0.9708636836628513,0.404876708984375
Horizontal,024.jpg,LDA,BC,2.2910108026470906,0,0.015713846626709698,0.030941483526875212,0.01571686584944088,0.9879227053140096,0.218170166015625
Horizontal,028.jpg,LDA,BC,0.3719778795901283,0,0.029239766081871343,0.056818181818181816,0.7142857142857143,0.029585798816568046,0.99493408203125
Horizontal,030.jpg,LDA,BC,2.4200951184383714,0,0.004362050163576881,0.008686210640608035,0.004362123347426347,0.9961685823754789,0.0944671630859375
Horizontal,031.jpg,LDA,BC,0.955952953394874,0,0.036450423085267955,0.07033703160979694,0.037416481069042315,0.5853658536585366,0.9322357177734375
Horizontal,023.jpg,QDA,BC,1.9234880090090036,0,0.026508855390611565,0.05164856640330551,0.02653623271558896,0.9625390218522373,0.4816741943359375
Horizontal,024.jpg,QDA,BC,2.2910108026470906,0,0.01712709544988026,0.03367739494208413,0.01713698893904709,0.967391304347826,0.2985992431640625
Horizontal,028.jpg,QDA,BC,0.3719778795901283,0,0.017699115044247787,0.034782608695652174,0.8571428571428571,0.01775147928994083,0.9949188232421875
Horizontal,030.jpg,QDA,BC,2.4200951184383714,0,0.004569073642716359,0.009096584321769375,0.004569564905741524,0.9770114942528736,0.1522979736328125
Horizontal,031.jpg,QDA,BC,0.955952953394874,0,0.06848072562358276,0.12818336162988114,0.07298211696471725,0.5261324041811847,0.968658447265625
Horizontal,025.jpg,SVM,noBC,,1,0.014377682403433477,0.02834778929553628,0.014443546213958502,0.7592067988668555,0.71966552734375
Horizontal,026.jpg,SVM,noBC,,1,0.01836693950888401,0.03607135855714566,0.018494940695570596,0.7263157894736842,0.7749176025390625
Horizontal,027.jpg,SVM,noBC,,1,0.024281022987361928,0.047410861750704365,0.02448815736651947,0.7416413373860182,0.8503875732421875
Horizontal,029.jpg,SVM,noBC,,1,0.03108026554013277,0.06028680128767925,0.03135464231354642,0.7803030303030303,0.8530120849609375
Horizontal,037.jpg,SVM,noBC,,1,0.022560181489728187,0.044124897288414136,0.022648671446646985,0.8523809523809524,0.644989013671875
Horizontal,025.jpg,LightGBM,noBC,,1,0.013678047769545619,0.02698696652185024,0.013741411617738912,0.7478753541076487,0.7095184326171875
Horizontal,026.jpg,LightGBM,noBC,,1,0.01658644087455779,0.0326316389982315,0.01667735728030789,0.7526315789473684,0.7412567138671875
Horizontal,027.jpg,LightGBM,noBC,,1,0.01630816814283706,0.03209295891547932,0.01642012881307948,0.7051671732522796,0.786468505859375
Horizontal,029.jpg,LightGBM,noBC,,1,0.022037779049799658,0.04312517502100252,0.02217741935483871,0.7777777777777778,0.79144287109375
Horizontal,037.jpg,LightGBM,noBC,,1,0.021230993206082176,0.04157921831069576,0.021321528652073266,0.8333333333333334,0.6306915283203125
Horizontal,025.jpg,KNN,noBC,,1,0.011756745326905184,0.02324026082594884,0.011794153833099995,0.7875354107648725,0.6434326171875
Horizontal,026.jpg,KNN,noBC,,1,0.014099886061526776,0.027807686906043724,0.014155664648968114,0.781578947368421,0.6831207275390625
Horizontal,027.jpg,KNN,noBC,,1,0.011815408454796377,0.023354869586025364,0.011864241952737529,0.7416413373860182,0.6886138916015625
Horizontal,029.jpg,KNN,noBC,,1,0.016790854343166274,0.033027154544998244,0.016848466226250833,0.8308080808080808,0.7060394287109375
Horizontal,037.jpg,KNN,noBC,,1,0.0186172958463815,0.036554054054054055,0.018674490852606144,0.8587301587301587,0.564849853515625
Horizontal,025.jpg,LDA,noBC,,1,0.01223021582733813,0.024164889836531627,0.01226343036578121,0.8186968838526912,0.6438446044921875
Horizontal,026.jpg,LDA,noBC,,1,0.014938353711566993,0.029436967589092193,0.015005909861760624,0.7684210526315789,0.7061920166015625
Horizontal,027.jpg,LDA,noBC,,1,0.01674219536757301,0.0329330196855268,0.016808846761453396,0.8085106382978723,0.761627197265625
Horizontal,029.jpg,LDA,noBC,,1,0.022097254383063182,0.04323904459835588,0.022188268119311766,0.8434343434343434,0.7744598388671875
Horizontal,037.jpg,LDA,noBC,,1,0.01977340743907653,0.03878000209621633,0.019826385167720503,0.8809523809523809,0.5801849365234375
Horizontal,025.jpg,QDA,noBC,,1,0.017118777982617857,0.033661315380631794,0.017224246439218285,0.7365439093484419,0.772216796875
Horizontal,026.jpg,QDA,noBC,,1,0.022710194539534108,0.044411788717446325,0.022916842193950626,0.7157894736842105,0.8213958740234375
Horizontal,027.jpg,QDA,noBC,,1,0.03353310502283105,0.06489023885130471,0.03398900781024009,0.7142857142857143,0.8966522216796875
Horizontal,029.jpg,QDA,noBC,,1,0.040198922503108164,0.07729083665338646,0.0407905803195963,0.7348484848484849,0.89398193359375
Horizontal,037.jpg,QDA,noBC,,1,0.024913396289090305,0.048615612556718216,0.025038153376573828,0.8333333333333334,0.68646240234375
Horizontal,025.jpg,SVM,BC,0.7489506756402784,1,0.0702247191011236,0.13123359580052493,0.8928571428571429,0.0708215297450425,0.9949493408203125
Horizontal,026.jpg,SVM,BC,1.1578028034358894,1,0.24486803519061584,0.3934040047114252,0.35607675906183367,0.4394736842105263,0.9921417236328125
Horizontal,027.jpg,SVM,BC,0.5707311921903575,1,0.03625377643504532,0.06997084548104957,0.8571428571428571,0.0364741641337386,0.9951324462890625
Horizontal,029.jpg,SVM,BC,0.6800065572792487,1,0.03007518796992481,0.058394160583941604,0.8,0.030303030303030304,0.9940948486328125
Horizontal,037.jpg,SVM,BC,1.151115696635073,1,0.29064039408866993,0.45038167938931295,0.5645933014354066,0.3746031746031746,0.9912109375
Horizontal,025.jpg,LightGBM,BC,0.7489506756402784,1,0.005890742233521424,0.01171248921218099,0.005986514588190812,0.26912181303116145,0.75537109375
Horizontal,026.jpg,LightGBM,BC,1.1578028034358894,1,0.013061128434429605,0.025785469539462223,0.013183680741136647,0.5842105263157895,0.7440338134765625
Horizontal,027.jpg,LightGBM,BC,0.5707311921903575,1,0.006178861788617886,0.012281835811247576,0.0062743544019549565,0.2887537993920973,0.766845703125
Horizontal,029.jpg,LightGBM,BC,0.6800065572792487,1,0.0071297873682882205,0.014158626738503946,0.007259411537967365,0.28535353535353536,0.7598876953125
Horizontal,037.jpg,LightGBM,BC,1.151115696635073,1,0.02246234446627374,0.04393774418753603,0.022892611626510045,0.5444444444444444,0.7722320556640625
Horizontal,025.jpg,KNN,BC,0.7489506756402784,1,0.006619173164301341,0.01315129562552243,0.0067075943610732155,0.3342776203966006,0.7297821044921875
Horizontal,026.jpg,KNN,BC,1.1578028034358894,1,0.011715819241645987,0.02316029663434113,0.01183673469387755,0.5342105263157895,0.73870849609375
Horizontal,027.jpg,KNN,BC,0.5707311921903575,1,0.00471776655381029,0.009391227488675285,0.004782535306363586,0.25835866261398177,0.72637939453125
Horizontal,029.jpg,KNN,BC,0.6800065572792487,1,0.006773072619117733,0.013455013455013456,0.006887052341597796,0.2904040404040404,0.74267578125
Horizontal,037.jpg,KNN,BC,1.151115696635073,1,0.018971455256552448,0.03723648029330889,0.019315345298942112,0.5158730158730159,0.743560791015625
Horizontal,025.jpg,LDA,BC,0.7489506756402784,1,0.2644230769230769,0.41825095057034223,0.6358381502890174,0.311614730878187,0.995330810546875
Horizontal,026.jpg,LDA,BC,1.1578028034358894,1,0.013659466327827191,0.02695079912253212,0.01370861228765314,0.7921052631578948,0.6683502197265625
Horizontal,027.jpg,LDA,BC,0.5707311921903575,1,0.17955801104972377,0.3044496487119438,0.6632653061224489,0.19756838905775076,0.9954681396484375
Horizontal,029.jpg,LDA,BC,0.6800065572792487,1,0.19954128440366972,0.3326959847036329,0.6850393700787402,0.2196969696969697,0.9946746826171875
Horizontal,037.jpg,LDA,BC,1.151115696635073,1,0.03233303711805318,0.06264070983975632,0.03268380320619126,0.7507936507936508,0.78399658203125
Horizontal,025.jpg,QDA,BC,0.7489506756402784,1,0.2,0.3333333333333333,0.7731958762886598,0.21246458923512748,0.99542236328125
Horizontal,026.jpg,QDA,BC,1.1578028034358894,1,0.02305990469707284,0.045080262829576646,0.02327578802714077,0.7131578947368421,0.8248138427734375
Horizontal,027.jpg,QDA,BC,0.5707311921903575,1,0.11176470588235295,0.20105820105820105,0.7755102040816326,0.11550151975683891,0.995391845703125
Horizontal,029.jpg,QDA,BC,0.6800065572792487,1,0.11057692307692307,0.19913419913419914,0.696969696969697,0.11616161616161616,0.994354248046875
Horizontal,037.jpg,QDA,BC,1.151115696635073,1,0.0839456691160098,0.15488907148726377,0.08895705521472393,0.5984126984126984,0.937225341796875
Left,011.jpg,SVM,noBC,,0,0.0054942224816716175,0.010928401891979578,0.0054942224816716175,1.0,0.1161651611328125
Left,020.jpg,SVM,noBC,,0,0.0988491574188245,0.17991397045072002,0.10293173550181896,0.7136498516320475,0.9330902099609375
Left,036.jpg,SVM,noBC,,0,0.052248598353811286,0.09930846842761591,0.0532911546416839,0.7275747508305648,0.8787689208984375
Left,045.jpg,SVM,noBC,,0,0.16573033707865167,0.28433734939759037,0.17281780902167546,0.8016304347826086,0.954681396484375
Left,046.jpg,SVM,noBC,,0,0.0488011882028432,0.09306089419380943,0.04935975391658917,0.8117647058823529,0.7947845458984375
Left,011.jpg,LightGBM,noBC,,0,0.0054703660016753,0.01088120781406736,0.0054703660016753,1.0,0.1122894287109375
Left,020.jpg,LightGBM,noBC,,0,0.04917363803305448,0.09373784519642163,0.05015608740894901,0.7151335311572701,0.8577880859375
Left,036.jpg,LightGBM,noBC,,0,0.03616313954431201,0.06980201893731904,0.03662642687032931,0.7408637873754153,0.8186187744140625
Left,045.jpg,LightGBM,noBC,,0,0.08764655418930511,0.16116734586565007,0.08921554358899723,0.8328804347826086,0.9026336669921875
Left,046.jpg,LightGBM,noBC,,0,0.03958286611347836,0.07615143997411282,0.039905041826814376,0.8305882352941176,0.738616943359375
Left,011.jpg,KNN,noBC,,0,0.005424648245465333,0.01079076041139774,0.005424648245465333,1.0,0.104766845703125
Left,020.jpg,KNN,noBC,,0,0.031936257044762585,0.06189579409918393,0.03231515469323545,0.7314540059347181,0.77197265625
Left,036.jpg,KNN,noBC,,0,0.028205592800628135,0.05486372180451128,0.02843746194129826,0.7757475083056479,0.754486083984375
Left,045.jpg,KNN,noBC,,0,0.05424344666493641,0.10290497291974397,0.05475982532751092,0.8519021739130435,0.83319091796875
Left,046.jpg,KNN,noBC,,0,0.0322104415514696,0.062410609803666625,0.03239886603968861,0.8470588235294118,0.6699066162109375
Left,011.jpg,LDA,noBC,,0,0.0053911988678482375,0.010724579395401836,0.0053911988678482375,1.0,0.09918212890625
Left,020.jpg,LDA,noBC,,0,0.08207705192629816,0.15170278637770898,0.08468717594192879,0.7270029673590505,0.9163818359375
Left,036.jpg,LDA,noBC,,0,0.044783612812531376,0.0857280153772225,0.0454962766500051,0.7408637873754153,0.8548431396484375
Left,045.jpg,LDA,noBC,,0,0.14190792596108212,0.2485453034081463,0.1467124631992149,0.8125,0.94482421875
Left,046.jpg,LDA,noBC,,0,0.04418429003021148,0.08462929475587704,0.0445997458703939,0.8258823529411765,0.768280029296875
Left,011.jpg,QDA,noBC,,0,0.006120302189920627,0.012166143902670849,0.006120302189920627,1.0,0.2070770263671875
Left,020.jpg,QDA,noBC,,0,0.2110358180058083,0.34852118305355717,0.23851203501094093,0.6468842729970327,0.975128173828125
Left,036.jpg,QDA,noBC,,0,0.08980963045912654,0.1648170982326346,0.09404315196998124,0.6661129568106312,0.93798828125
Left,045.jpg,QDA,noBC,,0,0.2844739530132789,0.4429423459244533,0.31309724564362,0.7567934782608695,0.9786224365234375
Left,046.jpg,QDA,noBC,,0,0.07631364324828149,0.14180558562459405,0.07808774439675727,0.7705882352941177,0.8790283203125
Left,011.jpg,SVM,BC,1.0484980656152683,0,0.38227146814404434,0.5531062124248497,0.770949720670391,0.43125,0.9965972900390625
Left,020.jpg,SVM,BC,1.5208099071724723,0,0.4321550741163056,0.6035031847133758,0.6512027491408935,0.5623145400593472,0.992401123046875
Left,036.jpg,SVM,BC,1.3797608111480542,0,0.3947001394700139,0.566,0.7110552763819096,0.4700996677740864,0.993377685546875
Left,045.jpg,SVM,BC,2.5015558467717605,0,0.08637736885471024,0.1590190873467324,0.08766550522648084,0.8546195652173914,0.8984832763671875
Left,046.jpg,SVM,BC,1.2805618886866539,0,0.4411764705882353,0.6122448979591837,0.7618213660245184,0.5117647058823529,0.9915924072265625
Left,011.jpg,LightGBM,BC,1.0484980656152683,0,0.0655664585191793,0.12306404353285894,0.07104881585306912,0.459375,0.9680328369140625
Left,020.jpg,LightGBM,BC,1.5208099071724723,0,0.08984462958793064,0.16487603305785123,0.0957753240518483,0.5919881305637982,0.938323974609375
Left,036.jpg,LightGBM,BC,1.3797608111480542,0,0.06975655430711611,0.13041575492341356,0.0751008064516129,0.4950166112956811,0.939361572265625
Left,045.jpg,LightGBM,BC,2.5015558467717605,0,0.056768558951965066,0.10743801652892562,0.05727387160582629,0.8654891304347826,0.8385009765625
Left,046.jpg,LightGBM,BC,1.2805618886866539,0,0.11651469098277609,0.20871143375680581,0.12928611579539068,0.5411764705882353,0.94677734375
Left,011.jpg,KNN,BC,1.0484980656152683,0,0.030497887194561823,0.0591905865573186,0.03138589525430138,0.51875,0.9194793701171875
Left,020.jpg,KNN,BC,1.5208099071724723,0,0.0563028706143392,0.10660364973086517,0.05847616304191272,0.6023738872403561,0.8961639404296875
Left,036.jpg,KNN,BC,1.3797608111480542,0,0.048451395277522236,0.09242468558057912,0.05067350865939705,0.5249169435215947,0.905303955078125
Left,045.jpg,KNN,BC,2.5015558467717605,0,0.04725041992258818,0.0902370990237099,0.047559541311379,0.8790760869565217,0.800933837890625
Left,046.jpg,KNN,BC,1.2805618886866539,0,0.07720825274016764,0.1433487954511447,0.08211897822732728,0.5635294117647058,0.9126434326171875
Left,011.jpg,LDA,BC,1.0484980656152683,0,0.46329113924050636,0.6332179930795848,0.7093023255813954,0.571875,0.99676513671875
Left,020.jpg,LDA,BC,1.5208099071724723,0,0.25664251207729466,0.40845747236905333,0.30206112295664533,0.6305637982195845,0.9812164306640625
Left,036.jpg,LDA,BC,1.3797608111480542,0,0.22366710013003901,0.3655685441020191,0.26875,0.5714285714285714,0.981781005859375
Left,045.jpg,LDA,BC,2.5015558467717605,0,0.04890081985054052,0.09324202808328146,0.04912178412652139,0.9157608695652174,0.7999725341796875
Left,046.jpg,LDA,BC,1.2805618886866539,0,0.3651925820256776,0.5350052246603971,0.48120300751879697,0.6023529411764705,0.986419677734375
Left,011.jpg,QDA,BC,1.0484980656152683,0,0.4180327868852459,0.5895953757225434,0.7688442211055276,0.478125,0.9967498779296875
Left,020.jpg,QDA,BC,1.5208099071724723,0,0.37558247903075487,0.5460704607046071,0.5024937655860349,0.5979228486646885,0.989776611328125
Left,036.jpg,QDA,BC,1.3797608111480542,0,0.3522222222222222,0.5209531635168447,0.5154471544715448,0.526578073089701,0.9911041259765625
Left,045.jpg,QDA,BC,2.5015558467717605,0,0.06380670611439843,0.11995921016037824,0.06437170430802905,0.8790760869565217,0.8551483154296875
Left,046.jpg,QDA,BC,1.2805618886866539,0,0.4381918819188192,0.6093649775497113,0.6699576868829337,0.5588235294117647,0.9907073974609375
Left,032.jpg,SVM,noBC,,1,0.13333333333333333,0.23529411764705882,0.5555555555555556,0.14925373134328357,0.99603271484375
Left,034.jpg,SVM,noBC,,1,0.3138780804150454,0.4777887462981244,0.4122657580919932,0.568075117370892,0.9919281005859375
Left,035.jpg,SVM,noBC,,1,0.34548335974643424,0.5135453474676089,0.6728395061728395,0.41523809523809524,0.9936981201171875
Left,042.jpg,SVM,noBC,,1,0.2914572864321608,0.45136186770428016,0.36363636363636365,0.5948717948717949,0.987091064453125
Left,053.jpg,SVM,noBC,,1,0.6281352235550709,0.7716008037508373,0.8834355828220859,0.6848989298454221,0.9947967529296875
Left,032.jpg,LightGBM,noBC,,1,0.027756653992395436,0.05401405845357011,0.02997946611909651,0.27238805970149255,0.9609832763671875
Left,034.jpg,LightGBM,noBC,,1,0.046511627906976744,0.08888888888888889,0.047994000749906264,0.6009389671361502,0.919921875
Left,035.jpg,LightGBM,noBC,,1,0.05191198461867123,0.09870024370430544,0.05523982723346215,0.46285714285714286,0.932281494140625
Left,042.jpg,LightGBM,noBC,,1,0.056240601503759396,0.10649202733485194,0.05808355334679298,0.6393162393162393,0.90423583984375
Left,053.jpg,LightGBM,noBC,,1,0.20687285223367696,0.3428246013667426,0.22538375140396855,0.7158145065398336,0.96478271484375
Left,032.jpg,KNN,noBC,,1,0.024949426837491573,0.04868421052631579,0.026695526695526696,0.27611940298507465,0.95587158203125
Left,034.jpg,KNN,noBC,,1,0.04794647834974912,0.09150558609682567,0.04949165547669288,0.6056338028169014,0.9218292236328125
Left,035.jpg,KNN,noBC,,1,0.05391944564746644,0.10232175878364495,0.05734684477199447,0.4742857142857143,0.9333343505859375
Left,042.jpg,KNN,noBC,,1,0.052267699115044246,0.09934296977660972,0.05380782918149466,0.6461538461538462,0.895416259765625
Left,053.jpg,KNN,noBC,,1,0.17848837209302326,0.302910705476073,0.191098661686897,0.7300832342449465,0.956878662109375
Left,032.jpg,LDA,noBC,,1,0.2144638403990025,0.3531827515400411,0.3926940639269406,0.3208955223880597,0.9951934814453125
Left,034.jpg,LDA,noBC,,1,0.1846571622539036,0.31174785100286534,0.20621683093252463,0.6384976525821596,0.9816741943359375
Left,035.jpg,LDA,noBC,,1,0.2495291902071563,0.39939713639789,0.33042394014962595,0.5047619047619047,0.9878387451171875
Left,042.jpg,LDA,noBC,,1,0.0908678903240426,0.16659742417947654,0.09482147079687869,0.6854700854700855,0.93878173828125
Left,053.jpg,LDA,noBC,,1,0.6001899335232669,0.7501483679525223,0.7488151658767772,0.751486325802616,0.9935760498046875
Left,032.jpg,QDA,noBC,,1,0.18575851393188855,0.3133159268929504,0.5217391304347826,0.22388059701492538,0.9959869384765625
Left,034.jpg,QDA,noBC,,1,0.2836322869955157,0.44192139737991265,0.3518776077885953,0.5938967136150235,0.9902496337890625
Left,035.jpg,QDA,noBC,,1,0.33097595473833097,0.4973432518597237,0.5625,0.44571428571428573,0.9927825927734375
Left,042.jpg,QDA,noBC,,1,0.19860813704496788,0.331397945511389,0.22430471584038694,0.6341880341880342,0.9771575927734375
Left,053.jpg,QDA,noBC,,1,0.629863301787592,0.7729032258064517,0.844851904090268,0.7122473246135553,0.99462890625
Left,032.jpg,SVM,BC,1.4265803177217342,1,0.015653137553677796,0.03082378614293508,0.015698805223673243,0.8432835820895522,0.78314208984375
Left,034.jpg,SVM,BC,1.3493404163244218,1,0.10952564596991901,0.19742787625999306,0.11587107303141575,0.6666666666666666,0.9647674560546875
Left,035.jpg,SVM,BC,1.797377434577894,1,0.019465749801639776,0.03818813884709179,0.019628760401109453,0.700952380952381,0.7171478271484375
Left,042.jpg,SVM,BC,1.368484132942457,1,0.04024767801857585,0.07738095238095238,0.040845472722079404,0.7333333333333333,0.843902587890625
Left,053.jpg,SVM,BC,3.1736569775151935,1,0.01967268109170201,0.03858626686092964,0.019682113489799345,0.976218787158145,0.375732421875
Left,032.jpg,LightGBM,BC,1.4265803177217342,1,0.014163942831506762,0.027932254802831142,0.014206736950372846,0.8246268656716418,0.765289306640625
Left,034.jpg,LightGBM,BC,1.3493404163244218,1,0.052081388837035655,0.09900638750887154,0.05355086372360845,0.6549295774647887,0.922515869140625
Left,035.jpg,LightGBM,BC,1.797377434577894,1,0.018690629011553272,0.03669539795352588,0.018846432639536087,0.6933333333333334,0.7083892822265625
Left,042.jpg,LightGBM,BC,1.368484132942457,1,0.037451841232864436,0.07219967181967354,0.03802073858468255,0.7145299145299145,0.8360748291015625
Left,053.jpg,LightGBM,BC,3.1736569775151935,1,0.020496413127702652,0.040169495676880496,0.020507177512129247,0.9750297265160524,0.4020538330078125
Left,032.jpg,KNN,BC,1.4265803177217342,1,0.012981791027629388,0.02563084774595974,0.013013185927333448,0.8432835820895522,0.7378082275390625
Left,034.jpg,KNN,BC,1.3493404163244218,1,0.0424007166318304,0.08135204812374677,0.043319097010372176,0.6666666666666666,0.902130126953125
Left,035.jpg,KNN,BC,1.797377434577894,1,0.018227009113504555,0.03580146460537022,0.01836213668499607,0.7123809523809523,0.6926116943359375
Left,042.jpg,KNN,BC,1.368484132942457,1,0.03416022773485156,0.06606370428627605,0.03462489694971146,0.717948717948718,0.8188018798828125
Left,053.jpg,KNN,BC,3.1736569775151935,1,0.019896992371604878,0.03901765084204759,0.019907632474477393,0.9738406658739596,0.3844146728515625
Left,032.jpg,LDA,BC,1.4265803177217342,1,0.011784091476506716,0.023293688002763657,0.011802950737684422,0.8805970149253731,0.6980133056640625
Left,034.jpg,LDA,BC,1.3493404163244218,1,0.06056910569105691,0.11422000766577232,0.06218697829716194,0.6995305164319249,0.929473876953125
Left,035.jpg,LDA,BC,1.797377434577894,1,0.016732369689005693,0.03291400999483026,0.016837836646537666,0.7276190476190476,0.657470703125
Left,042.jpg,LDA,BC,1.368484132942457,1,0.030098491631655074,0.05843808504947847,0.030408461484934937,0.747008547008547,0.785125732421875
Left,053.jpg,LDA,BC,3.1736569775151935,1,0.017745235275115755,0.03487166465646755,0.01775173424102719,0.9797859690844233,0.3040313720703125
Left,032.jpg,QDA,BC,1.4265803177217342,1,0.013346429396810723,0.026341296539141343,0.013375021712697586,0.8619402985074627,0.7394256591796875
Left,034.jpg,QDA,BC,1.3493404163244218,1,0.0784313725490196,0.14545454545454545,0.08149405772495756,0.676056338028169,0.9483642578125
Left,035.jpg,QDA,BC,1.797377434577894,1,0.017699115044247787,0.034782608695652174,0.017828900071890728,0.7085714285714285,0.684967041015625
Left,042.jpg,QDA,BC,1.368484132942457,1,0.03398703023673724,0.06573976122109718,0.034390070361293386,0.7435897435897436,0.81134033203125
Left,053.jpg,QDA,BC,3.1736569775151935,1,0.018481092248270905,0.03629147833755925,0.01848856539515658,0.9785969084423306,0.3330535888671875
Big,050.jpg,SVM,noBC,,0,0.04171412300683371,0.08008746754134208,0.04192702122585261,0.8914807302231237,0.6918792724609375
Big,051.jpg,SVM,noBC,,0,0.02622986113602928,0.05111888111888112,0.026294018200784145,0.9148936170212766,0.585906982421875
Big,081.jpg,SVM,noBC,,0,0.0584722476644074,0.11048423384444983,0.059017120881559,0.8636363636363636,0.6078643798828125
Big,093.jpg,SVM,noBC,,0,0.0395296665893092,0.07605298407501117,0.04001252838462141,0.7661169415292354,0.810546875
Big,098.jpg,SVM,noBC,,0,0.13523057748234316,0.23824336688014638,0.1485623003194888,0.6011080332409973,0.9364776611328125
Big,050.jpg,LightGBM,noBC,,0,0.031167576804487538,0.0604510411412926,0.03133871208725534,0.8509127789046653,0.60205078125
Big,051.jpg,LightGBM,noBC,,0,0.020101093217350416,0.0394100023046785,0.020169256627252087,0.8560700876095119,0.4912109375
Big,081.jpg,LightGBM,noBC,,0,0.05434935852248696,0.10309554054957545,0.05494192261098838,0.8344155844155844,0.590606689453125
Big,093.jpg,LightGBM,noBC,,0,0.02409355626526395,0.04705342811281816,0.024269088844734603,0.7691154422788605,0.6829376220703125
Big,098.jpg,LightGBM,noBC,,0,0.05929458340831384,0.1119510744924828,0.06164639850327409,0.6084949215143121,0.8404693603515625
Big,050.jpg,KNN,noBC,,0,0.031022928353601143,0.060178930071206865,0.03121330353422478,0.8356997971602435,0.6072845458984375
Big,051.jpg,KNN,noBC,,0,0.020887649305766084,0.040920564216778026,0.02095753741331062,0.8623279098873592,0.5071868896484375
Big,081.jpg,KNN,noBC,,0,0.052771267061905415,0.10025210359165766,0.053354242899459836,0.8284632034632035,0.5806732177734375
Big,093.jpg,KNN,noBC,,0,0.024264957683087913,0.04738023594593304,0.024469659595461272,0.7436281859070465,0.6956634521484375
Big,098.jpg,KNN,noBC,,0,0.056184451473281175,0.10639136259752542,0.058159572634844045,0.6232686980609419,0.8269805908203125
Big,050.jpg,LDA,noBC,,0,0.06430478039310847,0.1208390332877337,0.0653138350312192,0.8062880324543611,0.823486328125
Big,051.jpg,LDA,noBC,,0,0.04061861686606361,0.07806628904716505,0.040864255519023014,0.8710888610763454,0.7491607666015625
Big,081.jpg,LDA,noBC,,0,0.07432934992810036,0.13837348841502817,0.07563830860833586,0.8111471861471862,0.71514892578125
Big,093.jpg,LDA,noBC,,0,0.08553809429082952,0.15759574857980577,0.08977035490605428,0.6446776611694153,0.9298553466796875
Big,098.jpg,LDA,noBC,,0,0.23998413328044427,0.38707613563659626,0.29613313754282916,0.5586334256694367,0.97076416015625
Big,050.jpg,QDA,noBC,,0,0.11550349764112575,0.20708764765932625,0.12093340146482712,0.7200811359026369,0.9170379638671875
Big,051.jpg,QDA,noBC,,0,0.06883944427034368,0.12881157154026585,0.06986112583483516,0.8247809762202754,0.863983154296875
Big,081.jpg,QDA,noBC,,0,0.10066676329902885,0.18291960229143348,0.10413074443361571,0.7516233766233766,0.8106536865234375
Big,093.jpg,QDA,noBC,,0,0.1815519765739385,0.3073110285006196,0.2120866590649943,0.5577211394302849,0.9744110107421875
Big,098.jpg,QDA,noBC,,0,0.31229050279329607,0.4759472115793955,0.4415481832543444,0.5161588180978762,0.9812164306640625
Big,050.jpg,SVM,BC,1.5672090328999124,0,0.11142234671646437,0.20050406048725847,0.11630929174788823,0.7261663286004056,0.912872314453125
Big,051.jpg,SVM,BC,1.0545502478294775,0,0.33031218529707956,0.49659348978046935,0.6283524904214559,0.41051314142678347,0.9898529052734375
Big,081.jpg,SVM,BC,1.4140669804324681,0,0.20108327691266079,0.33483652762119503,0.2263719512195122,0.6428571428571429,0.927978515625
Big,093.jpg,SVM,BC,0.9734436938624296,0,0.23404255319148937,0.3793103448275862,0.6743295019157088,0.2638680659670165,0.9912109375
Big,098.jpg,SVM,BC,2.157135954962219,0,0.08694556451612903,0.15998145142592163,0.09147554023598038,0.6371191135734072,0.889434814453125
Big,050.jpg,LightGBM,BC,1.5672090328999124,0,0.06984533543493252,0.13057090239410682,0.07180473972047802,0.7190669371196755,0.855926513671875
Big,051.jpg,LightGBM,BC,1.0545502478294775,0,0.2033195020746888,0.33793103448275863,0.2786352558895207,0.4292866082603254,0.9794921875
Big,081.jpg,LightGBM,BC,1.4140669804324681,0,0.14612089481199428,0.2549833887043189,0.15775950668036998,0.6645021645021645,0.8905029296875
Big,093.jpg,LightGBM,BC,0.9734436938624296,0,0.20770128354725786,0.34396135265700484,0.483695652173913,0.26686656671664166,0.9896392822265625
Big,098.jpg,LightGBM,BC,2.157135954962219,0,0.06573518379594899,0.12336119665640123,0.0681773973935032,0.6472760849492152,0.8479766845703125
Big,050.jpg,KNN,BC,1.5672090328999124,0,0.05151128139633887,0.09797570850202429,0.05247939858320081,0.7363083164300203,0.7960205078125
Big,051.jpg,KNN,BC,1.0545502478294775,0,0.12324649298597194,0.21944692239072258,0.1439157566302652,0.4618272841051314,0.9599456787109375
Big,081.jpg,KNN,BC,1.4140669804324681,0,0.10968535770785727,0.19768731189608743,0.11579142698088699,0.6753246753246753,0.845428466796875
Big,093.jpg,KNN,BC,0.9734436938624296,0,0.11634506242905789,0.20843924758515506,0.1576923076923077,0.3073463268365817,0.9762420654296875
Big,098.jpg,KNN,BC,2.157135954962219,0,0.05624207858048162,0.10649467526623668,0.05795445269773896,0.6555863342566943,0.818206787109375
Big,050.jpg,LDA,BC,1.5672090328999124,0,0.06472360172596271,0.12157822296987307,0.06574594773403904,0.8062880324543611,0.82470703125
Big,051.jpg,LDA,BC,1.0545502478294775,0,0.3448581560283688,0.5128543177323666,0.541782729805014,0.48685857321652065,0.9887237548828125
Big,081.jpg,LDA,BC,1.4140669804324681,0,0.1480706648070665,0.2579469528244584,0.15865504358655044,0.6893939393939394,0.888153076171875
Big,093.jpg,LDA,BC,0.9734436938624296,0,0.26525529265255293,0.41929133858267714,0.6103151862464183,0.3193403298350825,0.990997314453125
Big,098.jpg,LDA,BC,2.157135954962219,0,0.05875623110239438,0.11099104661932695,0.060557567590331006,0.6638965835641736,0.824249267578125
Big,050.jpg,QDA,BC,1.5672090328999124,0,0.07985858375792866,0.1479056331246991,0.08171082030003192,0.7789046653144016,0.8649749755859375
Big,051.jpg,QDA,BC,1.0545502478294775,0,0.3433678269049859,0.511204481792717,0.5802861685214626,0.4568210262828536,0.989349365234375
Big,081.jpg,QDA,BC,1.4140669804324681,0,0.16707152496626182,0.286308973172988,0.18205882352941177,0.6699134199134199,0.90582275390625
Big,093.jpg,QDA,BC,0.9734436938624296,0,0.25256410256410255,0.4032753326509724,0.635483870967742,0.29535232383808097,0.9911041259765625
Big,098.jpg,QDA,BC,2.157135954962219,0,0.06859066859066859,0.1283759452646741,0.07112219451371571,0.6583564173591875,0.852264404296875
Big,070.jpg,SVM,noBC,,1,0.45311756306520706,0.6236488699639698,0.7125748502994012,0.5544554455445545,0.9824676513671875
Big,073.jpg,SVM,noBC,,1,0.5545395166557805,0.7134453781512605,0.7683257918552037,0.6658823529411765,0.989593505859375
Big,074.jpg,SVM,noBC,,1,0.29427792915531337,0.45473684210526316,0.5729442970822282,0.3769633507853403,0.960479736328125
Big,082.jpg,SVM,noBC,,1,0.06414045873729014,0.12054885839675573,0.0650830783996161,0.8157894736842105,0.7584381103515625
Big,100.jpg,SVM,noBC,,1,0.3642206748794858,0.5339615233608166,0.4755244755244755,0.6087735004476276,0.9818878173828125
Big,070.jpg,LightGBM,noBC,,1,0.1786150357578929,0.30309308864880863,0.20317460317460317,0.5963890506697729,0.9281463623046875
Big,073.jpg,LightGBM,noBC,,1,0.24378796245168416,0.39200887902330744,0.27337461300309596,0.6925490196078431,0.9582061767578125
Big,074.jpg,LightGBM,noBC,,1,0.19433962264150945,0.325434439178515,0.24962714392244595,0.4673647469458988,0.9152984619140625
Big,082.jpg,LightGBM,noBC,,1,0.053559451949794,0.10167333575845762,0.05410899235311199,0.8406015037593985,0.69854736328125
Big,100.jpg,LightGBM,noBC,,1,0.12242780563721252,0.21814820520720998,0.13174544101228136,0.6338406445837064,0.9225616455078125
Big,070.jpg,KNN,noBC,,1,0.14195670046588107,0.2486201103911687,0.1565664198277165,0.6033779848573093,0.904449462890625
Big,073.jpg,KNN,noBC,,1,0.20104616784171025,0.33478507858360157,0.22066899650524213,0.6933333333333334,0.9463958740234375
Big,074.jpg,KNN,noBC,,1,0.1730550284629981,0.2950501455839534,0.21348314606741572,0.4774869109947644,0.9002532958984375
Big,082.jpg,KNN,noBC,,1,0.05225542973825877,0.0993208079738908,0.05275487256371814,0.8466165413533835,0.688385009765625
Big,100.jpg,KNN,noBC,,1,0.10358509281564404,0.1877247046738572,0.10957877379703193,0.6544315129811996,0.903472900390625
Big,070.jpg,LDA,noBC,,1,0.3794048551292091,0.5500993471473177,0.5365448504983389,0.5643564356435643,0.9758148193359375
Big,073.jpg,LDA,noBC,,1,0.5503778337531486,0.7099918765231519,0.7363100252737995,0.6854901960784314,0.989105224609375
Big,074.jpg,LDA,noBC,,1,0.2666822211852543,0.42107202062995025,0.4457878315132605,0.39895287958115183,0.9520416259765625
Big,082.jpg,LDA,noBC,,1,0.06076839826839827,0.11457429985206347,0.06145679417720133,0.8443609022556391,0.7351531982421875
Big,100.jpg,LDA,noBC,,1,0.2981180496150556,0.45930807248764416,0.36339937434827946,0.6239928379588182,0.9749603271484375
Big,070.jpg,QDA,noBC,,1,0.4612005856515373,0.6312625250501002,0.7400156617071261,0.5503785672684915,0.983154296875
Big,073.jpg,QDA,noBC,,1,0.5575396825396826,0.7159235668789808,0.7805555555555556,0.6611764705882353,0.9897918701171875
Big,074.jpg,QDA,noBC,,1,0.30153321976149916,0.46335078534031415,0.6178010471204188,0.3706806282722513,0.96246337890625
Big,082.jpg,QDA,noBC,,1,0.06500212623777413,0.12206947692658719,0.06604530584531819,0.8045112781954887,0.7651519775390625
Big,100.jpg,QDA,noBC,,1,0.37816544738323016,0.5487954267047774,0.5045045045045045,0.6016114592658908,0.9831390380859375
Big,070.jpg,SVM,BC,2.5189298600011045,1,0.05872398036892875,0.11093350383631713,0.05955292401424465,0.8083867210250437,0.6605224609375
Big,073.jpg,SVM,BC,3.311393597169529,1,0.04560755336617406,0.0872364649994111,0.04591668044304844,0.8713725490196078,0.6452484130859375
Big,074.jpg,SVM,BC,2.768771162222403,1,0.10157798165137615,0.18442267972549803,0.1019408536809929,0.9661431064572426,0.626434326171875
Big,082.jpg,SVM,BC,1.3609348350673773,1,0.062061612704113124,0.11687007978020816,0.06285162243564243,0.8315789473684211,0.7449493408203125
Big,100.jpg,SVM,BC,2.332064133998551,1,0.037037037037037035,0.07142857142857142,0.03737268759093743,0.8048343777976723,0.643341064453125
Big,070.jpg,LightGBM,BC,2.5189298600011045,1,0.05420120266536649,0.10282895243968242,0.05505798836105493,0.7769365171811299,0.644805908203125
Big,073.jpg,LightGBM,BC,3.311393597169529,1,0.043925603482390184,0.0841546626231994,0.044214299940250945,0.8705882352941177,0.63134765625
Big,074.jpg,LightGBM,BC,2.768771162222403,1,0.09216670151230051,0.16877771751268225,0.09287871339279444,0.9232111692844677,0.6024627685546875
Big,082.jpg,LightGBM,BC,1.3609348350673773,1,0.0525708793849111,0.09989043097151205,0.053173908816953434,0.8225563909774436,0.69915771484375
Big,100.jpg,LightGBM,BC,2.332064133998551,1,0.037770306728095296,0.07279126504819422,0.038097630411119486,0.8146821844225605,0.6462554931640625
Big,070.jpg,KNN,BC,2.5189298600011045,1,0.05205139153048946,0.0989521841794569,0.052822310631425534,0.7810133954571927,0.627349853515625
Big,073.jpg,KNN,BC,3.311393597169529,1,0.044935691318327975,0.08600661589353027,0.04522104922541763,0.8768627450980392,0.637420654296875
Big,074.jpg,KNN,BC,2.768771162222403,1,0.08992705800625217,0.16501481882787852,0.09079750298099179,0.9036649214659686,0.6002044677734375
Big,082.jpg,KNN,BC,1.3609348350673773,1,0.05046702913704169,0.09608493696084937,0.05104582843713278,0.8165413533834587,0.6882171630859375
Big,100.jpg,KNN,BC,2.332064133998551,1,0.03680340712764675,0.07099399341212943,0.037103046014257936,0.8200537153088631,0.6342010498046875
Big,070.jpg,LDA,BC,2.5189298600011045,1,0.05755969227089728,0.1088537936753232,0.05819295558958652,0.8410017472335469,0.6392364501953125
Big,073.jpg,LDA,BC,3.311393597169529,1,0.04281450872359963,0.08211337369290038,0.0430715935334873,0.8776470588235294,0.6182708740234375
Big,074.jpg,LDA,BC,2.768771162222403,1,0.09619563342875867,0.17550814926688063,0.09644845592558011,0.9734729493891797,0.60015869140625
Big,082.jpg,LDA,BC,1.3609348350673773,1,0.060127931769722816,0.11343523732904263,0.060782411897833816,0.8481203007518797,0.73095703125
Big,100.jpg,LDA,BC,2.332064133998551,1,0.03504247572815534,0.0677121500806097,0.035300859598853866,0.8272157564905999,0.61175537109375
Big,070.jpg,QDA,BC,2.5189298600011045,1,0.059518618644806835,0.1123503024815836,0.060446373217606944,0.7949912638322656,0.6708831787109375
Big,073.jpg,QDA,BC,3.311393597169529,1,0.04714851569487627,0.0900512486781095,0.047488310239800956,0.8682352941176471,0.65863037109375
Big,074.jpg,QDA,BC,2.768771162222403,1,0.10442678774120318,0.18910585817060638,0.10484330484330484,0.9633507853403142,0.638824462890625
Big,082.jpg,QDA,BC,1.3609348350673773,1,0.06302883785183906,0.11858349577647823,0.063893103045863,0.8233082706766918,0.751617431640625
Big,100.jpg,QDA,BC,2.332064133998551,1,0.03815750117506302,0.07351004280540006,0.03852625221105311,0.7994628469113697,0.656524658203125
